Timestamp,Full Name,Email Address,Stellar Wallet Address,Product Rating (1-5),User Role / Category,What do you like most?,Next Phase Improvement Request
2026-07-28 10:14:22,Alex Rivera,alex.rivera@devstudio.io,GAAZI4TCR3TY5OJHCTJC2A4AFL5AGXLND6B5EGIK7R5A46VLO3M7QBBB,5,Blockchain Developer,Inter-contract call endorsement weighting is super clean and transparent!,Add direct verifiable credential badge export to LinkedIn & Web3 profiles.
2026-07-28 11:30:15,Priya Sharma,priya.sharma@designcraft.com,GDT35B5P3C7AGZ7CEXIPE64GJDCV65JCAYY7I5ONQZUMPMSC576MW6NF,5,UI/UX Designer,The glassmorphism UI design tokens and transaction status center look amazing.,Support batch endorsements in one single contract transaction.
2026-07-28 14:05:40,Marcus Chen,marcus.chen@techventures.co,GB3R7CHB5RJW7JOK52Z2V3K4M5N6P7Q8R9S0T1U2V3W4X5Y6Z7A8B9C0,4,Product Manager,Sybil resistance logic blocking self-endorsements at protocol layer is brilliant.,Provide a live leaderboard for top-ranked developers filtered by skill category.
2026-07-29 09:22:11,Elena Rostova,elena.rostova@stellarcommunity.org,GC1D2E3F4G5H6I7J8K9L0M1N2O3P4Q5R6S7T8U9V0W1X2Y3Z4A5B6C7,5,Community Lead,Fast transaction confirmation on Stellar testnet and instant activity feed updates.,Integrate auto-detection for Hana and xBull extension wallet popups.
2026-07-29 16:45:00,David Miller,david.m@blocksec.io,GD9A8B7C6D5E4F3G2H1I0J9K8L7M6N5O4P3Q2R1S0T9U8V7W6X5Y4Z3,5,Smart Contract Auditor,Real-time event streaming from Soroban RPC works flawlessly with zero lag.,Add Soroban contract event webhooks and automated email/Telegram alert notifications.
2026-07-30 08:12:30,Sophia Al-Mansoor,sophia.a@fintechglobal.net,GBX7Y8Z9A1B2C3D4E5F6G7H8I9J0K1L2M3N4O5P6Q7R8S9T0U1V2W3,5,Developer Advocate,Multi-wallet support via StellarWalletsKit works seamlessly across browsers.,Add skill endorsement decay logic so inactive skills taper reputation over time.
2026-07-30 13:50:04,Klaus Weber,klaus.w@rustfoundation.org,GCM3N4O5P6Q7R8S9T0U1V2W3X4Y5Z6A7B8C9D0E1F2G3H4I5J6K7L8,5,Rust Engineer,Soroban SDK v22 implementation with clean inter-contract calls.,Publish an open NPM SDK client for third-party dApps to query the reputation graph.
2026-07-31 11:05:19,Aisha Bello,aisha.bello@web3africa.com,GDH4I5J6K7L8M9N0O1P2Q3R4S5T6U7V8W9X0Y1Z2A3B4C5D6E7F8G9,4,Community Builder,Clear visual presentation of endorser reputation impact on skills.,Add mobile PWA support with push notifications for received endorsements.
2026-08-01 15:30:22,Liam O'Connor,liam.oc@cryptolabs.ie,GBK8L9M0N1P2Q3R4S5T6U7V8W9X0Y1Z2A3B4C5D6E7F8G9H0I1J2K3,5,Frontend Architect,State management via Zustand and React Query telemetry is rock solid.,Add dark/light theme toggle and custom profile customization colors.
2026-08-02 10:18:45,Yuki Tanaka,yuki.tanaka@tokyoweb3.jp,GCN0P1Q2R3S4T5U6V7W8X9Y0Z1A2B3C4D5E6F7G8H9I0J1K2L3M4N5,5,Fullstack Developer,Complete test suite coverage with cargo test and vitest.,Provide localized multi-language UI translation for Japanese and Spanish.
